date,product,price,quantity
2023-01-01,Tomato,30,171
2023-01-01,Potato,31,164
2023-01-01,Onion,32,211
2023-01-01,Cabbage,26,110
2023-01-01,Carrot,22,182
2023-01-02,Tomato,30,194
2023-01-02,Potato,29,237
2023-01-02,Onion,26,239
2023-01-02,Cabbage,21,113
2023-01-02,Carrot,18,121
2023-01-03,Tomato,28,121
2023-01-03,Potato,26,257
2023-01-03,Onion,27,141
2023-01-03,Cabbage,25,110
2023-01-03,Carrot,16,175
2023-01-04,Tomato,33,141
2023-01-04,Potato,31,257
2023-01-04,Onion,30,188
2023-01-04,Cabbage,24,148
2023-01-04,Carrot,25,159
2023-01-05,Tomato,26,174
2023-01-05,Potato,22,213
2023-01-05,Onion,30,142
2023-01-05,Cabbage,18,140
2023-01-05,Carrot,22,120
2023-01-06,Tomato,32,158
2023-01-06,Potato,20,153
2023-01-06,Onion,30,199
2023-01-06,Cabbage,15,98
2023-01-06,Carrot,25,152
2023-01-07,Tomato,25,203
2023-01-07,Potato,30,209
2023-01-07,Onion,28,183
2023-01-07,Cabbage,26,97
2023-01-07,Carrot,18,177
2023-01-08,Tomato,24,155
2023-01-08,Potato,20,253
2023-01-08,Onion,25,141
2023-01-08,Cabbage,19,143
2023-01-08,Carrot,25,103
2023-01-09,Tomato,29,212
2023-01-09,Potato,20,239
2023-01-09,Onion,33,173
2023-01-09,Cabbage,23,151
2023-01-09,Carrot,19,113
2023-01-10,Tomato,31,197
2023-01-10,Potato,25,211
2023-01-10,Onion,29,224
2023-01-10,Cabbage,26,171
2023-01-10,Carrot,20,123
2023-01-11,Tomato,33,208
2023-01-11,Potato,30,209
2023-01-11,Onion,33,180
2023-01-11,Cabbage,26,104
2023-01-11,Carrot,28,164
2023-01-12,Tomato,32,190
2023-01-12,Potato,27,237
2023-01-12,Onion,22,147
2023-01-12,Cabbage,21,152
2023-01-12,Carrot,26,180
2023-01-13,Tomato,31,154
2023-01-13,Potato,21,182
2023-01-13,Onion,32,144
2023-01-13,Cabbage,23,130
2023-01-13,Carrot,27,106
2023-01-14,Tomato,32,191
2023-01-14,Potato,30,183
2023-01-14,Onion,22,187
2023-01-14,Cabbage,20,112
2023-01-14,Carrot,23,136
2023-01-15,Tomato,26,163
2023-01-15,Potato,26,235
2023-01-15,Onion,32,174
2023-01-15,Cabbage,14,136
2023-01-15,Carrot,18,100
2023-01-16,Tomato,28,209
2023-01-16,Potato,25,163
2023-01-16,Onion,28,166
2023-01-16,Cabbage,22,168
2023-01-16,Carrot,25,141
2023-01-17,Tomato,35,196
2023-01-17,Potato,21,212
2023-01-17,Onion,28,191
2023-01-17,Cabbage,26,93
2023-01-17,Carrot,20,122
2023-01-18,Tomato,30,134
2023-01-18,Potato,29,178
2023-01-18,Onion,25,152
2023-01-18,Cabbage,20,148
2023-01-18,Carrot,18,185
2023-01-19,Tomato,35,185
2023-01-19,Potato,28,194
2023-01-19,Onion,30,145
2023-01-19,Cabbage,25,117
2023-01-19,Carrot,27,143
2023-01-20,Tomato,27,149
2023-01-20,Potato,29,241
2023-01-20,Onion,30,201
2023-01-20,Cabbage,14,90
2023-01-20,Carrot,24,126
2023-01-21,Tomato,32,196
2023-01-21,Potato,27,152
2023-01-21,Onion,28,209
2023-01-21,Cabbage,21,116
2023-01-21,Carrot,24,161
2023-01-22,Tomato,28,216
2023-01-22,Potato,21,255
2023-01-22,Onion,33,163
2023-01-22,Cabbage,24,121
2023-01-22,Carrot,23,151
2023-01-23,Tomato,24,181
2023-01-23,Potato,19,207
2023-01-23,Onion,25,151
2023-01-23,Cabbage,20,91
2023-01-23,Carrot,18,155
2023-01-24,Tomato,24,178
2023-01-24,Potato,19,151
2023-01-24,Onion,23,231
2023-01-24,Cabbage,19,176
2023-01-24,Carrot,20,100
2023-01-25,Tomato,26,121
2023-01-25,Potato,23,193
2023-01-25,Onion,31,171
2023-01-25,Cabbage,19,121
2023-01-25,Carrot,22,167
2023-01-26,Tomato,30,194
2023-01-26,Potato,26,166
2023-01-26,Onion,27,163
2023-01-26,Cabbage,18,159
2023-01-26,Carrot,21,110
2023-01-27,Tomato,24,192
2023-01-27,Potato,30,208
2023-01-27,Onion,27,219
2023-01-27,Cabbage,26,92
2023-01-27,Carrot,19,158
2023-01-28,Tomato,27,138
2023-01-28,Potato,28,216
2023-01-28,Onion,24,159
2023-01-28,Cabbage,20,141
2023-01-28,Carrot,24,132
2023-01-29,Tomato,31,158
2023-01-29,Potato,20,253
2023-01-29,Onion,22,150
2023-01-29,Cabbage,25,146
2023-01-29,Carrot,24,149
2023-01-30,Tomato,30,150
2023-01-30,Potato,28,248
2023-01-30,Onion,28,155
2023-01-30,Cabbage,23,149
2023-01-30,Carrot,16,101
2023-01-31,Tomato,24,167
2023-01-31,Potato,30,218
2023-01-31,Onion,26,171
2023-01-31,Cabbage,24,98
2023-01-31,Carrot,24,118
2023-02-01,Tomato,26,139
2023-02-01,Potato,26,203
2023-02-01,Onion,29,172
2023-02-01,Cabbage,21,164
2023-02-01,Carrot,16,171
2023-02-02,Tomato,27,157
2023-02-02,Potato,26,233
2023-02-02,Onion,24,228
2023-02-02,Cabbage,16,114
2023-02-02,Carrot,28,117
2023-02-03,Tomato,25,185
2023-02-03,Potato,24,184
2023-02-03,Onion,34,180
2023-02-03,Cabbage,17,122
2023-02-03,Carrot,19,132
2023-02-04,Tomato,28,167
2023-02-04,Potato,22,157
2023-02-04,Onion,28,206
2023-02-04,Cabbage,14,122
2023-02-04,Carrot,27,158
2023-02-05,Tomato,26,205
2023-02-05,Potato,25,171
2023-02-05,Onion,27,190
2023-02-05,Cabbage,19,97
2023-02-05,Carrot,26,126
2023-02-06,Tomato,25,140
2023-02-06,Potato,19,177
2023-02-06,Onion,22,208
2023-02-06,Cabbage,25,150
2023-02-06,Carrot,18,103
2023-02-07,Tomato,26,183
2023-02-07,Potato,19,166
2023-02-07,Onion,33,231
2023-02-07,Cabbage,26,135
2023-02-07,Carrot,20,105
2023-02-08,Tomato,26,156
2023-02-08,Potato,26,242
2023-02-08,Onion,22,185
2023-02-08,Cabbage,18,149
2023-02-08,Carrot,16,162
2023-02-09,Tomato,36,204
2023-02-09,Potato,25,182
2023-02-09,Onion,24,157
2023-02-09,Cabbage,22,143
2023-02-09,Carrot,25,166
2023-02-10,Tomato,31,165
2023-02-10,Potato,26,181
2023-02-10,Onion,27,162
2023-02-10,Cabbage,15,116
2023-02-10,Carrot,25,101
2023-02-11,Tomato,33,136
2023-02-11,Potato,26,182
2023-02-11,Onion,30,182
2023-02-11,Cabbage,19,137
2023-02-11,Carrot,22,141
2023-02-12,Tomato,30,145
2023-02-12,Potato,21,199
2023-02-12,Onion,30,163
2023-02-12,Cabbage,26,149
2023-02-12,Carrot,25,106
2023-02-13,Tomato,32,155
2023-02-13,Potato,31,169
2023-02-13,Onion,22,147
2023-02-13,Cabbage,25,176
2023-02-13,Carrot,27,165
2023-02-14,Tomato,30,182
2023-02-14,Potato,24,200
2023-02-14,Onion,30,197
2023-02-14,Cabbage,26,111
2023-02-14,Carrot,25,157
2023-02-15,Tomato,29,168
2023-02-15,Potato,22,191
2023-02-15,Onion,27,154
2023-02-15,Cabbage,19,149
2023-02-15,Carrot,20,107
2023-02-16,Tomato,28,179
2023-02-16,Potato,30,257
2023-02-16,Onion,26,207
2023-02-16,Cabbage,19,136
2023-02-16,Carrot,18,154
2023-02-17,Tomato,31,171
2023-02-17,Potato,31,255
2023-02-17,Onion,24,156
2023-02-17,Cabbage,21,152
2023-02-17,Carrot,18,157
2023-02-18,Tomato,30,209
2023-02-18,Potato,23,239
2023-02-18,Onion,26,201
2023-02-18,Cabbage,20,98
2023-02-18,Carrot,27,100
2023-02-19,Tomato,33,120
2023-02-19,Potato,20,245
2023-02-19,Onion,27,187
2023-02-19,Cabbage,22,90
2023-02-19,Carrot,28,163
2023-02-20,Tomato,28,141
2023-02-20,Potato,31,216
2023-02-20,Onion,33,165
2023-02-20,Cabbage,16,175
2023-02-20,Carrot,24,128
2023-02-21,Tomato,35,188
2023-02-21,Potato,19,243
2023-02-21,Onion,25,208
2023-02-21,Cabbage,25,105
2023-02-21,Carrot,25,189
2023-02-22,Tomato,28,158
2023-02-22,Potato,22,182
2023-02-22,Onion,26,162
2023-02-22,Cabbage,23,99
2023-02-22,Carrot,21,168
2023-02-23,Tomato,27,153
2023-02-23,Potato,22,244
2023-02-23,Onion,31,158
2023-02-23,Cabbage,23,90
2023-02-23,Carrot,23,168
2023-02-24,Tomato,36,123
2023-02-24,Potato,26,229
2023-02-24,Onion,28,141
2023-02-24,Cabbage,14,121
2023-02-24,Carrot,26,183
2023-02-25,Tomato,31,131
2023-02-25,Potato,20,184
2023-02-25,Onion,33,172
2023-02-25,Cabbage,14,150
2023-02-25,Carrot,18,142
2023-02-26,Tomato,28,131
2023-02-26,Potato,21,214
2023-02-26,Onion,22,179
2023-02-26,Cabbage,23,132
2023-02-26,Carrot,27,128
2023-02-27,Tomato,36,131
2023-02-27,Potato,20,184
2023-02-27,Onion,28,220
2023-02-27,Cabbage,23,97
2023-02-27,Carrot,28,125
2023-02-28,Tomato,33,209
2023-02-28,Potato,20,254
2023-02-28,Onion,28,207
2023-02-28,Cabbage,23,164
2023-02-28,Carrot,28,135
2023-03-01,Tomato,32,140
2023-03-01,Potato,31,185
2023-03-01,Onion,31,212
2023-03-01,Cabbage,21,153
2023-03-01,Carrot,18,148
2023-03-02,Tomato,26,155
2023-03-02,Potato,20,252
2023-03-02,Onion,29,162
2023-03-02,Cabbage,18,101
2023-03-02,Carrot,16,154
2023-03-03,Tomato,36,142
2023-03-03,Potato,27,248
2023-03-03,Onion,30,169
2023-03-03,Cabbage,14,151
2023-03-03,Carrot,19,188
2023-03-04,Tomato,29,132
2023-03-04,Potato,29,168
2023-03-04,Onion,22,239
2023-03-04,Cabbage,25,150
2023-03-04,Carrot,24,118
2023-03-05,Tomato,35,128
2023-03-05,Potato,25,177
2023-03-05,Onion,25,222
2023-03-05,Cabbage,23,105
2023-03-05,Carrot,20,168
2023-03-06,Tomato,26,131
2023-03-06,Potato,27,201
2023-03-06,Onion,32,224
2023-03-06,Cabbage,17,142
2023-03-06,Carrot,22,115
2023-03-07,Tomato,32,158
2023-03-07,Potato,31,202
2023-03-07,Onion,31,197
2023-03-07,Cabbage,20,103
2023-03-07,Carrot,25,104
2023-03-08,Tomato,26,206
2023-03-08,Potato,31,256
2023-03-08,Onion,32,157
2023-03-08,Cabbage,25,98
2023-03-08,Carrot,25,157
2023-03-09,Tomato,35,136
2023-03-09,Potato,31,251
2023-03-09,Onion,28,185
2023-03-09,Cabbage,26,129
2023-03-09,Carrot,25,108
2023-03-10,Tomato,25,146
2023-03-10,Potato,28,215
2023-03-10,Onion,26,168
2023-03-10,Cabbage,18,127
2023-03-10,Carrot,18,107
2023-03-11,Tomato,36,184
2023-03-11,Potato,24,166
2023-03-11,Onion,28,228
2023-03-11,Cabbage,26,93
2023-03-11,Carrot,19,169
2023-03-12,Tomato,35,150
2023-03-12,Potato,21,210
2023-03-12,Onion,33,193
2023-03-12,Cabbage,20,163
2023-03-12,Carrot,25,118
2023-03-13,Tomato,30,186
2023-03-13,Potato,31,162
2023-03-13,Onion,23,231
2023-03-13,Cabbage,23,109
2023-03-13,Carrot,27,171
2023-03-14,Tomato,36,158
2023-03-14,Potato,19,152
2023-03-14,Onion,34,231
2023-03-14,Cabbage,22,152
2023-03-14,Carrot,27,124
2023-03-15,Tomato,31,152
2023-03-15,Potato,24,155
2023-03-15,Onion,31,183
2023-03-15,Cabbage,26,121
2023-03-15,Carrot,28,160
2023-03-16,Tomato,28,199
2023-03-16,Potato,24,234
2023-03-16,Onion,32,175
2023-03-16,Cabbage,16,108
2023-03-16,Carrot,19,156
2023-03-17,Tomato,25,166
2023-03-17,Potato,27,198
2023-03-17,Onion,22,193
2023-03-17,Cabbage,19,92
2023-03-17,Carrot,22,156
2023-03-18,Tomato,34,131
2023-03-18,Potato,28,245
2023-03-18,Onion,29,215
2023-03-18,Cabbage,21,117
2023-03-18,Carrot,20,107
2023-03-19,Tomato,33,211
2023-03-19,Potato,22,239
2023-03-19,Onion,29,197
2023-03-19,Cabbage,25,139
2023-03-19,Carrot,27,140
2023-03-20,Tomato,27,183
2023-03-20,Potato,29,212
2023-03-20,Onion,22,212
2023-03-20,Cabbage,14,173
2023-03-20,Carrot,28,128
2023-03-21,Tomato,36,165
2023-03-21,Potato,21,155
2023-03-21,Onion,23,208
2023-03-21,Cabbage,22,155
2023-03-21,Carrot,25,155
2023-03-22,Tomato,25,124
2023-03-22,Potato,25,182
2023-03-22,Onion,27,204
2023-03-22,Cabbage,15,138
2023-03-22,Carrot,26,184
2023-03-23,Tomato,33,182
2023-03-23,Potato,27,235
2023-03-23,Onion,32,166
2023-03-23,Cabbage,14,166
2023-03-23,Carrot,16,100
2023-03-24,Tomato,28,174
2023-03-24,Potato,24,241
2023-03-24,Onion,22,208
2023-03-24,Cabbage,18,92
2023-03-24,Carrot,20,122
2023-03-25,Tomato,28,172
2023-03-25,Potato,23,223
2023-03-25,Onion,31,222
2023-03-25,Cabbage,14,174
2023-03-25,Carrot,24,100
2023-03-26,Tomato,26,164
2023-03-26,Potato,31,153
2023-03-26,Onion,22,171
2023-03-26,Cabbage,15,161
2023-03-26,Carrot,22,125
2023-03-27,Tomato,33,153
2023-03-27,Potato,24,152
2023-03-27,Onion,32,189
2023-03-27,Cabbage,25,154
2023-03-27,Carrot,21,104
2023-03-28,Tomato,34,176
2023-03-28,Potato,19,196
2023-03-28,Onion,28,218
2023-03-28,Cabbage,18,174
2023-03-28,Carrot,17,174
2023-03-29,Tomato,26,157
2023-03-29,Potato,30,247
2023-03-29,Onion,27,189
2023-03-29,Cabbage,15,171
2023-03-29,Carrot,26,150
2023-03-30,Tomato,25,171
2023-03-30,Potato,27,187
2023-03-30,Onion,22,227
2023-03-30,Cabbage,25,119
2023-03-30,Carrot,22,150
2023-03-31,Tomato,24,124
2023-03-31,Potato,31,153
2023-03-31,Onion,31,195
2023-03-31,Cabbage,14,163
2023-03-31,Carrot,16,183
2023-04-01,Tomato,31,188
2023-04-01,Potato,20,155
2023-04-01,Onion,26,205
2023-04-01,Cabbage,26,132
2023-04-01,Carrot,26,122
2023-04-02,Tomato,30,199
2023-04-02,Potato,29,165
2023-04-02,Onion,29,143
2023-04-02,Cabbage,21,93
2023-04-02,Carrot,23,124
2023-04-03,Tomato,26,215
2023-04-03,Potato,21,176
2023-04-03,Onion,34,171
2023-04-03,Cabbage,15,150
2023-04-03,Carrot,25,150
2023-04-04,Tomato,26,140
2023-04-04,Potato,23,231
2023-04-04,Onion,33,181
2023-04-04,Cabbage,26,111
2023-04-04,Carrot,20,169
2023-04-05,Tomato,24,124
2023-04-05,Potato,27,161
2023-04-05,Onion,31,185
2023-04-05,Cabbage,15,138
2023-04-05,Carrot,25,144
2023-04-06,Tomato,34,192
2023-04-06,Potato,28,196
2023-04-06,Onion,30,225
2023-04-06,Cabbage,21,152
2023-04-06,Carrot,28,180
2023-04-07,Tomato,33,155
2023-04-07,Potato,19,157
2023-04-07,Onion,22,238
2023-04-07,Cabbage,26,141
2023-04-07,Carrot,23,185
2023-04-08,Tomato,33,147
2023-04-08,Potato,25,227
2023-04-08,Onion,29,141
2023-04-08,Cabbage,26,115
2023-04-08,Carrot,26,155
2023-04-09,Tomato,26,126
2023-04-09,Potato,21,172
2023-04-09,Onion,32,157
2023-04-09,Cabbage,23,127
2023-04-09,Carrot,18,114
2023-04-10,Tomato,32,147
2023-04-10,Potato,28,188
2023-04-10,Onion,30,156
2023-04-10,Cabbage,20,175
2023-04-10,Carrot,25,143
2023-04-11,Tomato,32,136
2023-04-11,Potato,31,233
2023-04-11,Onion,30,207
2023-04-11,Cabbage,23,156
2023-04-11,Carrot,24,117
2023-04-12,Tomato,27,205
2023-04-12,Potato,20,157
2023-04-12,Onion,29,222
2023-04-12,Cabbage,23,130
2023-04-12,Carrot,20,105
2023-04-13,Tomato,27,145
2023-04-13,Potato,20,208
2023-04-13,Onion,29,198
2023-04-13,Cabbage,26,159
2023-04-13,Carrot,20,132
2023-04-14,Tomato,28,141
2023-04-14,Potato,23,219
2023-04-14,Onion,27,143
2023-04-14,Cabbage,24,151
2023-04-14,Carrot,23,154
2023-04-15,Tomato,32,122
2023-04-15,Potato,21,180
2023-04-15,Onion,29,175
2023-04-15,Cabbage,21,95
2023-04-15,Carrot,17,183
2023-04-16,Tomato,35,194
2023-04-16,Potato,22,228
2023-04-16,Onion,27,233
2023-04-16,Cabbage,21,140
2023-04-16,Carrot,24,165
2023-04-17,Tomato,34,127
2023-04-17,Potato,28,200
2023-04-17,Onion,34,183
2023-04-17,Cabbage,18,159
2023-04-17,Carrot,25,167
2023-04-18,Tomato,26,203
2023-04-18,Potato,19,169
2023-04-18,Onion,22,151
2023-04-18,Cabbage,14,179
2023-04-18,Carrot,21,136
2023-04-19,Tomato,34,219
2023-04-19,Potato,31,256
2023-04-19,Onion,24,172
2023-04-19,Cabbage,19,139
2023-04-19,Carrot,23,109
2023-04-20,Tomato,28,142
2023-04-20,Potato,28,193
2023-04-20,Onion,23,152
2023-04-20,Cabbage,21,91
2023-04-20,Carrot,19,164
2023-04-21,Tomato,28,192
2023-04-21,Potato,19,158
2023-04-21,Onion,32,154
2023-04-21,Cabbage,21,127
2023-04-21,Carrot,22,134
2023-04-22,Tomato,24,188
2023-04-22,Potato,30,257
2023-04-22,Onion,23,217
2023-04-22,Cabbage,18,164
2023-04-22,Carrot,24,133
2023-04-23,Tomato,35,218
2023-04-23,Potato,21,150
2023-04-23,Onion,29,203
2023-04-23,Cabbage,19,149
2023-04-23,Carrot,28,171
2023-04-24,Tomato,34,133
2023-04-24,Potato,30,179
2023-04-24,Onion,24,224
2023-04-24,Cabbage,18,94
2023-04-24,Carrot,18,177
2023-04-25,Tomato,33,181
2023-04-25,Potato,22,238
2023-04-25,Onion,34,181
2023-04-25,Cabbage,22,107
2023-04-25,Carrot,23,171
2023-04-26,Tomato,30,133
2023-04-26,Potato,21,187
2023-04-26,Onion,22,162
2023-04-26,Cabbage,14,114
2023-04-26,Carrot,16,165
2023-04-27,Tomato,28,170
2023-04-27,Potato,25,200
2023-04-27,Onion,27,145
2023-04-27,Cabbage,16,96
2023-04-27,Carrot,18,171
2023-04-28,Tomato,33,183
2023-04-28,Potato,22,164
2023-04-28,Onion,34,172
2023-04-28,Cabbage,17,116
2023-04-28,Carrot,19,128
2023-04-29,Tomato,29,176
2023-04-29,Potato,19,250
2023-04-29,Onion,32,194
2023-04-29,Cabbage,14,157
2023-04-29,Carrot,21,165
2023-04-30,Tomato,33,124
2023-04-30,Potato,29,223
2023-04-30,Onion,22,177
2023-04-30,Cabbage,26,120
2023-04-30,Carrot,19,187
2023-05-01,Tomato,27,175
2023-05-01,Potato,31,157
2023-05-01,Onion,26,168
2023-05-01,Cabbage,17,165
2023-05-01,Carrot,28,101
2023-05-02,Tomato,34,214
2023-05-02,Potato,21,185
2023-05-02,Onion,25,165
2023-05-02,Cabbage,24,116
2023-05-02,Carrot,20,119
2023-05-03,Tomato,34,193
2023-05-03,Potato,26,187
2023-05-03,Onion,27,211
2023-05-03,Cabbage,20,136
2023-05-03,Carrot,25,145
2023-05-04,Tomato,34,131
2023-05-04,Potato,28,162
2023-05-04,Onion,29,201
2023-05-04,Cabbage,15,178
2023-05-04,Carrot,16,159
2023-05-05,Tomato,34,195
2023-05-05,Potato,30,249
2023-05-05,Onion,25,144
2023-05-05,Cabbage,21,126
2023-05-05,Carrot,23,130
2023-05-06,Tomato,33,128
2023-05-06,Potato,24,200
2023-05-06,Onion,34,217
2023-05-06,Cabbage,21,130
2023-05-06,Carrot,21,110
2023-05-07,Tomato,30,120
2023-05-07,Potato,23,170
2023-05-07,Onion,31,175
2023-05-07,Cabbage,19,176
2023-05-07,Carrot,24,100
2023-05-08,Tomato,29,174
2023-05-08,Potato,21,189
2023-05-08,Onion,26,186
2023-05-08,Cabbage,22,142
2023-05-08,Carrot,24,173
2023-05-09,Tomato,27,176
2023-05-09,Potato,23,175
2023-05-09,Onion,30,174
2023-05-09,Cabbage,17,114
2023-05-09,Carrot,25,174
2023-05-10,Tomato,29,121
2023-05-10,Potato,25,231
2023-05-10,Onion,32,173
2023-05-10,Cabbage,24,106
2023-05-10,Carrot,26,158
2023-05-11,Tomato,35,170
2023-05-11,Potato,24,173
2023-05-11,Onion,30,210
2023-05-11,Cabbage,17,159
2023-05-11,Carrot,20,187
2023-05-12,Tomato,24,168
2023-05-12,Potato,31,212
2023-05-12,Onion,32,161
2023-05-12,Cabbage,23,117
2023-05-12,Carrot,17,184
2023-05-13,Tomato,24,190
2023-05-13,Potato,19,233
2023-05-13,Onion,30,188
2023-05-13,Cabbage,17,175
2023-05-13,Carrot,27,162
2023-05-14,Tomato,36,168
2023-05-14,Potato,25,150
2023-05-14,Onion,34,233
2023-05-14,Cabbage,20,140
2023-05-14,Carrot,26,155
2023-05-15,Tomato,26,181
2023-05-15,Potato,31,198
2023-05-15,Onion,34,232
2023-05-15,Cabbage,21,108
2023-05-15,Carrot,17,100
2023-05-16,Tomato,26,166
2023-05-16,Potato,20,215
2023-05-16,Onion,27,231
2023-05-16,Cabbage,14,127
2023-05-16,Carrot,18,162
2023-05-17,Tomato,27,120
2023-05-17,Potato,26,178
2023-05-17,Onion,28,142
2023-05-17,Cabbage,23,163
2023-05-17,Carrot,18,133
2023-05-18,Tomato,35,216
2023-05-18,Potato,25,204
2023-05-18,Onion,33,171
2023-05-18,Cabbage,15,96
2023-05-18,Carrot,28,107
2023-05-19,Tomato,24,176
2023-05-19,Potato,25,216
2023-05-19,Onion,29,226
2023-05-19,Cabbage,24,161
2023-05-19,Carrot,21,166
2023-05-20,Tomato,26,216
2023-05-20,Potato,30,157
2023-05-20,Onion,23,174
2023-05-20,Cabbage,21,167
2023-05-20,Carrot,23,145
2023-05-21,Tomato,34,135
2023-05-21,Potato,22,186
2023-05-21,Onion,27,224
2023-05-21,Cabbage,20,137
2023-05-21,Carrot,17,106
2023-05-22,Tomato,33,126
2023-05-22,Potato,19,172
2023-05-22,Onion,26,158
2023-05-22,Cabbage,26,108
2023-05-22,Carrot,19,128
2023-05-23,Tomato,35,201
2023-05-23,Potato,20,150
2023-05-23,Onion,26,159
2023-05-23,Cabbage,24,91
2023-05-23,Carrot,18,186
2023-05-24,Tomato,30,131
2023-05-24,Potato,22,154
2023-05-24,Onion,26,177
2023-05-24,Cabbage,22,142
2023-05-24,Carrot,27,185
2023-05-25,Tomato,35,143
2023-05-25,Potato,19,223
2023-05-25,Onion,29,198
2023-05-25,Cabbage,20,170
2023-05-25,Carrot,17,180
2023-05-26,Tomato,32,159
2023-05-26,Potato,20,258
2023-05-26,Onion,30,212
2023-05-26,Cabbage,19,111
2023-05-26,Carrot,26,103
2023-05-27,Tomato,33,177
2023-05-27,Potato,31,258
2023-05-27,Onion,23,226
2023-05-27,Cabbage,18,164
2023-05-27,Carrot,21,117
2023-05-28,Tomato,28,161
2023-05-28,Potato,22,190
2023-05-28,Onion,27,173
2023-05-28,Cabbage,14,126
2023-05-28,Carrot,24,175
2023-05-29,Tomato,30,205
2023-05-29,Potato,23,176
2023-05-29,Onion,30,170
2023-05-29,Cabbage,19,129
2023-05-29,Carrot,17,111
2023-05-30,Tomato,36,172
2023-05-30,Potato,25,159
2023-05-30,Onion,34,156
2023-05-30,Cabbage,23,174
2023-05-30,Carrot,27,161
2023-05-31,Tomato,33,165
2023-05-31,Potato,20,203
2023-05-31,Onion,32,204
2023-05-31,Cabbage,16,142
2023-05-31,Carrot,19,125
2023-06-01,Tomato,36,140
2023-06-01,Potato,29,189
2023-06-01,Onion,32,175
2023-06-01,Cabbage,14,148
2023-06-01,Carrot,22,153
2023-06-02,Tomato,25,174
2023-06-02,Potato,26,171
2023-06-02,Onion,26,195
2023-06-02,Cabbage,14,125
2023-06-02,Carrot,19,182
2023-06-03,Tomato,26,200
2023-06-03,Potato,29,258
2023-06-03,Onion,32,237
2023-06-03,Cabbage,22,115
2023-06-03,Carrot,17,172
2023-06-04,Tomato,32,159
2023-06-04,Potato,19,150
2023-06-04,Onion,30,200
2023-06-04,Cabbage,24,131
2023-06-04,Carrot,24,138
2023-06-05,Tomato,26,122
2023-06-05,Potato,20,250
2023-06-05,Onion,33,183
2023-06-05,Cabbage,16,101
2023-06-05,Carrot,18,143
2023-06-06,Tomato,34,168
2023-06-06,Potato,31,166
2023-06-06,Onion,31,196
2023-06-06,Cabbage,20,136
2023-06-06,Carrot,27,161
2023-06-07,Tomato,31,202
2023-06-07,Potato,26,244
2023-06-07,Onion,26,220
2023-06-07,Cabbage,20,169
2023-06-07,Carrot,21,171
2023-06-08,Tomato,32,201
2023-06-08,Potato,27,161
2023-06-08,Onion,32,165
2023-06-08,Cabbage,22,115
2023-06-08,Carrot,25,115
2023-06-09,Tomato,30,136
2023-06-09,Potato,25,175
2023-06-09,Onion,26,225
2023-06-09,Cabbage,23,96
2023-06-09,Carrot,20,106
2023-06-10,Tomato,32,167
2023-06-10,Potato,26,208
2023-06-10,Onion,28,232
2023-06-10,Cabbage,15,128
2023-06-10,Carrot,18,117
2023-06-11,Tomato,34,136
2023-06-11,Potato,26,248
2023-06-11,Onion,33,199
2023-06-11,Cabbage,26,92
2023-06-11,Carrot,20,142
2023-06-12,Tomato,31,209
2023-06-12,Potato,25,236
2023-06-12,Onion,33,178
2023-06-12,Cabbage,21,93
2023-06-12,Carrot,28,185
2023-06-13,Tomato,32,132
2023-06-13,Potato,20,182
2023-06-13,Onion,34,181
2023-06-13,Cabbage,25,155
2023-06-13,Carrot,22,141
2023-06-14,Tomato,25,149
2023-06-14,Potato,29,162
2023-06-14,Onion,34,157
2023-06-14,Cabbage,16,128
2023-06-14,Carrot,19,128
2023-06-15,Tomato,24,212
2023-06-15,Potato,23,257
2023-06-15,Onion,30,155
2023-06-15,Cabbage,21,99
2023-06-15,Carrot,24,183
2023-06-16,Tomato,28,184
2023-06-16,Potato,19,152
2023-06-16,Onion,34,153
2023-06-16,Cabbage,21,119
2023-06-16,Carrot,17,167
2023-06-17,Tomato,25,181
2023-06-17,Potato,23,174
2023-06-17,Onion,22,192
2023-06-17,Cabbage,22,104
2023-06-17,Carrot,16,187
2023-06-18,Tomato,27,131
2023-06-18,Potato,29,186
2023-06-18,Onion,34,182
2023-06-18,Cabbage,25,159
2023-06-18,Carrot,22,155
2023-06-19,Tomato,31,130
2023-06-19,Potato,31,247
2023-06-19,Onion,30,210
2023-06-19,Cabbage,17,93
2023-06-19,Carrot,26,171
2023-06-20,Tomato,27,212
2023-06-20,Potato,24,258
2023-06-20,Onion,31,237
2023-06-20,Cabbage,22,179
2023-06-20,Carrot,24,102
2023-06-21,Tomato,31,125
2023-06-21,Potato,23,154
2023-06-21,Onion,27,186
2023-06-21,Cabbage,20,138
2023-06-21,Carrot,24,119
2023-06-22,Tomato,33,180
2023-06-22,Potato,29,255
2023-06-22,Onion,24,189
2023-06-22,Cabbage,15,151
2023-06-22,Carrot,16,187
2023-06-23,Tomato,26,151
2023-06-23,Potato,21,251
2023-06-23,Onion,34,228
2023-06-23,Cabbage,22,157
2023-06-23,Carrot,20,110
2023-06-24,Tomato,32,175
2023-06-24,Potato,21,241
2023-06-24,Onion,34,148
2023-06-24,Cabbage,16,114
2023-06-24,Carrot,17,175
2023-06-25,Tomato,33,128
2023-06-25,Potato,26,174
2023-06-25,Onion,26,150
2023-06-25,Cabbage,24,177
2023-06-25,Carrot,27,178
2023-06-26,Tomato,29,191
2023-06-26,Potato,29,154
2023-06-26,Onion,31,157
2023-06-26,Cabbage,19,126
2023-06-26,Carrot,27,147
2023-06-27,Tomato,36,147
2023-06-27,Potato,23,226
2023-06-27,Onion,22,179
2023-06-27,Cabbage,26,151
2023-06-27,Carrot,28,157
2023-06-28,Tomato,26,175
2023-06-28,Potato,26,247
2023-06-28,Onion,29,230
2023-06-28,Cabbage,26,122
2023-06-28,Carrot,21,187
2023-06-29,Tomato,26,199
2023-06-29,Potato,26,241
2023-06-29,Onion,22,198
2023-06-29,Cabbage,24,137
2023-06-29,Carrot,24,112
2023-06-30,Tomato,34,164
2023-06-30,Potato,27,202
2023-06-30,Onion,31,239
2023-06-30,Cabbage,24,127
2023-06-30,Carrot,27,106
2023-07-01,Tomato,28,164
2023-07-01,Potato,28,180
2023-07-01,Onion,28,181
2023-07-01,Cabbage,23,121
2023-07-01,Carrot,26,152
2023-07-02,Tomato,30,150
2023-07-02,Potato,20,249
2023-07-02,Onion,23,217
2023-07-02,Cabbage,26,101
2023-07-02,Carrot,22,165
2023-07-03,Tomato,36,165
2023-07-03,Potato,29,254
2023-07-03,Onion,22,234
2023-07-03,Cabbage,15,149
2023-07-03,Carrot,23,134
2023-07-04,Tomato,29,202
2023-07-04,Potato,25,223
2023-07-04,Onion,30,235
2023-07-04,Cabbage,15,152
2023-07-04,Carrot,27,159
2023-07-05,Tomato,28,212
2023-07-05,Potato,24,217
2023-07-05,Onion,25,235
2023-07-05,Cabbage,17,157
2023-07-05,Carrot,26,163
2023-07-06,Tomato,24,131
2023-07-06,Potato,24,166
2023-07-06,Onion,31,204
2023-07-06,Cabbage,19,179
2023-07-06,Carrot,23,181
2023-07-07,Tomato,25,133
2023-07-07,Potato,31,225
2023-07-07,Onion,25,238
2023-07-07,Cabbage,17,165
2023-07-07,Carrot,22,128
2023-07-08,Tomato,34,152
2023-07-08,Potato,24,228
2023-07-08,Onion,24,214
2023-07-08,Cabbage,23,176
2023-07-08,Carrot,25,145
2023-07-09,Tomato,25,148
2023-07-09,Potato,22,230
2023-07-09,Onion,24,152
2023-07-09,Cabbage,22,128
2023-07-09,Carrot,22,128
2023-07-10,Tomato,36,194
2023-07-10,Potato,22,181
2023-07-10,Onion,23,186
2023-07-10,Cabbage,17,111
2023-07-10,Carrot,26,126
2023-07-11,Tomato,26,200
2023-07-11,Potato,30,205
2023-07-11,Onion,33,232
2023-07-11,Cabbage,18,136
2023-07-11,Carrot,20,158
2023-07-12,Tomato,27,125
2023-07-12,Potato,21,206
2023-07-12,Onion,26,142
2023-07-12,Cabbage,24,90
2023-07-12,Carrot,25,137
2023-07-13,Tomato,25,180
2023-07-13,Potato,21,213
2023-07-13,Onion,22,164
2023-07-13,Cabbage,21,101
2023-07-13,Carrot,17,114
2023-07-14,Tomato,35,199
2023-07-14,Potato,29,221
2023-07-14,Onion,33,185
2023-07-14,Cabbage,22,106
2023-07-14,Carrot,28,152
2023-07-15,Tomato,31,198
2023-07-15,Potato,29,195
2023-07-15,Onion,23,210
2023-07-15,Cabbage,16,153
2023-07-15,Carrot,27,152
2023-07-16,Tomato,31,179
2023-07-16,Potato,28,152
2023-07-16,Onion,25,185
2023-07-16,Cabbage,22,167
2023-07-16,Carrot,22,116
2023-07-17,Tomato,35,203
2023-07-17,Potato,22,158
2023-07-17,Onion,27,187
2023-07-17,Cabbage,22,149
2023-07-17,Carrot,21,101
2023-07-18,Tomato,31,191
2023-07-18,Potato,29,213
2023-07-18,Onion,34,220
2023-07-18,Cabbage,21,110
2023-07-18,Carrot,17,163
2023-07-19,Tomato,25,214
2023-07-19,Potato,24,181
2023-07-19,Onion,32,184
2023-07-19,Cabbage,22,122
2023-07-19,Carrot,27,140
2023-07-20,Tomato,31,130
2023-07-20,Potato,24,200
2023-07-20,Onion,29,180
2023-07-20,Cabbage,14,165
2023-07-20,Carrot,24,145
2023-07-21,Tomato,29,205
2023-07-21,Potato,30,169
2023-07-21,Onion,22,213
2023-07-21,Cabbage,21,121
2023-07-21,Carrot,17,101
2023-07-22,Tomato,24,152
2023-07-22,Potato,27,226
2023-07-22,Onion,22,216
2023-07-22,Cabbage,17,115
2023-07-22,Carrot,21,165
2023-07-23,Tomato,29,209
2023-07-23,Potato,28,164
2023-07-23,Onion,23,183
2023-07-23,Cabbage,14,164
2023-07-23,Carrot,28,166
2023-07-24,Tomato,34,125
2023-07-24,Potato,27,155
2023-07-24,Onion,30,234
2023-07-24,Cabbage,22,165
2023-07-24,Carrot,23,171
2023-07-25,Tomato,25,211
2023-07-25,Potato,22,211
2023-07-25,Onion,32,146
2023-07-25,Cabbage,24,173
2023-07-25,Carrot,19,105
2023-07-26,Tomato,33,141
2023-07-26,Potato,28,152
2023-07-26,Onion,30,199
2023-07-26,Cabbage,23,103
2023-07-26,Carrot,26,181
2023-07-27,Tomato,29,131
2023-07-27,Potato,25,161
2023-07-27,Onion,34,164
2023-07-27,Cabbage,26,108
2023-07-27,Carrot,22,144
2023-07-28,Tomato,31,212
2023-07-28,Potato,25,202
2023-07-28,Onion,28,171
2023-07-28,Cabbage,16,133
2023-07-28,Carrot,17,169
2023-07-29,Tomato,25,202
2023-07-29,Potato,24,186
2023-07-29,Onion,29,198
2023-07-29,Cabbage,16,117
2023-07-29,Carrot,25,134
2023-07-30,Tomato,36,212
2023-07-30,Potato,24,212
2023-07-30,Onion,22,146
2023-07-30,Cabbage,25,138
2023-07-30,Carrot,20,130
2023-07-31,Tomato,33,180
2023-07-31,Potato,26,169
2023-07-31,Onion,26,143
2023-07-31,Cabbage,25,109
2023-07-31,Carrot,27,123
2023-08-01,Tomato,25,168
2023-08-01,Potato,21,245
2023-08-01,Onion,30,175
2023-08-01,Cabbage,23,155
2023-08-01,Carrot,17,135
2023-08-02,Tomato,29,158
2023-08-02,Potato,28,207
2023-08-02,Onion,27,151
2023-08-02,Cabbage,16,107
2023-08-02,Carrot,23,120
2023-08-03,Tomato,24,218
2023-08-03,Potato,28,157
2023-08-03,Onion,25,233
2023-08-03,Cabbage,20,131
2023-08-03,Carrot,27,113
2023-08-04,Tomato,25,156
2023-08-04,Potato,23,187
2023-08-04,Onion,34,180
2023-08-04,Cabbage,19,149
2023-08-04,Carrot,28,113
2023-08-05,Tomato,31,208
2023-08-05,Potato,22,151
2023-08-05,Onion,28,209
2023-08-05,Cabbage,14,178
2023-08-05,Carrot,24,127
2023-08-06,Tomato,25,154
2023-08-06,Potato,23,154
2023-08-06,Onion,22,179
2023-08-06,Cabbage,25,145
2023-08-06,Carrot,19,144
2023-08-07,Tomato,30,166
2023-08-07,Potato,29,159
2023-08-07,Onion,24,153
2023-08-07,Cabbage,23,99
2023-08-07,Carrot,27,100
2023-08-08,Tomato,28,139
2023-08-08,Potato,26,192
2023-08-08,Onion,33,140
2023-08-08,Cabbage,22,153
2023-08-08,Carrot,21,183
2023-08-09,Tomato,35,156
2023-08-09,Potato,23,225
2023-08-09,Onion,26,188
2023-08-09,Cabbage,14,133
2023-08-09,Carrot,23,127
2023-08-10,Tomato,29,180
2023-08-10,Potato,22,227
2023-08-10,Onion,23,212
2023-08-10,Cabbage,18,109
2023-08-10,Carrot,25,128
2023-08-11,Tomato,24,154
2023-08-11,Potato,24,250
2023-08-11,Onion,26,198
2023-08-11,Cabbage,18,122
2023-08-11,Carrot,16,150
2023-08-12,Tomato,35,139
2023-08-12,Potato,23,237
2023-08-12,Onion,32,182
2023-08-12,Cabbage,15,178
2023-08-12,Carrot,17,128
2023-08-13,Tomato,32,158
2023-08-13,Potato,26,192
2023-08-13,Onion,23,162
2023-08-13,Cabbage,25,127
2023-08-13,Carrot,19,122
2023-08-14,Tomato,36,171
2023-08-14,Potato,20,255
2023-08-14,Onion,33,147
2023-08-14,Cabbage,15,174
2023-08-14,Carrot,16,107
2023-08-15,Tomato,36,215
2023-08-15,Potato,24,154
2023-08-15,Onion,27,186
2023-08-15,Cabbage,15,154
2023-08-15,Carrot,22,189
2023-08-16,Tomato,34,193
2023-08-16,Potato,20,231
2023-08-16,Onion,22,165
2023-08-16,Cabbage,21,136
2023-08-16,Carrot,23,175
2023-08-17,Tomato,34,191
2023-08-17,Potato,27,195
2023-08-17,Onion,25,172
2023-08-17,Cabbage,14,108
2023-08-17,Carrot,20,147
2023-08-18,Tomato,28,209
2023-08-18,Potato,30,215
2023-08-18,Onion,23,203
2023-08-18,Cabbage,19,152
2023-08-18,Carrot,24,132
2023-08-19,Tomato,32,208
2023-08-19,Potato,31,222
2023-08-19,Onion,26,216
2023-08-19,Cabbage,22,164
2023-08-19,Carrot,19,103
2023-08-20,Tomato,29,138
2023-08-20,Potato,24,247
2023-08-20,Onion,23,152
2023-08-20,Cabbage,22,112
2023-08-20,Carrot,18,174
2023-08-21,Tomato,24,207
2023-08-21,Potato,24,220
2023-08-21,Onion,30,224
2023-08-21,Cabbage,14,165
2023-08-21,Carrot,25,170
2023-08-22,Tomato,28,138
2023-08-22,Potato,30,242
2023-08-22,Onion,30,172
2023-08-22,Cabbage,14,124
2023-08-22,Carrot,27,189
2023-08-23,Tomato,34,218
2023-08-23,Potato,26,259
2023-08-23,Onion,31,205
2023-08-23,Cabbage,22,92
2023-08-23,Carrot,20,125
2023-08-24,Tomato,31,167
2023-08-24,Potato,20,219
2023-08-24,Onion,33,232
2023-08-24,Cabbage,23,114
2023-08-24,Carrot,27,104
2023-08-25,Tomato,25,167
2023-08-25,Potato,23,228
2023-08-25,Onion,33,239
2023-08-25,Cabbage,24,137
2023-08-25,Carrot,22,169
2023-08-26,Tomato,25,162
2023-08-26,Potato,31,170
2023-08-26,Onion,28,219
2023-08-26,Cabbage,18,104
2023-08-26,Carrot,24,135
2023-08-27,Tomato,34,170
2023-08-27,Potato,22,170
2023-08-27,Onion,34,225
2023-08-27,Cabbage,16,123
2023-08-27,Carrot,28,167
2023-08-28,Tomato,28,171
2023-08-28,Potato,29,178
2023-08-28,Onion,33,174
2023-08-28,Cabbage,21,105
2023-08-28,Carrot,25,135
2023-08-29,Tomato,25,121
2023-08-29,Potato,19,226
2023-08-29,Onion,25,229
2023-08-29,Cabbage,22,164
2023-08-29,Carrot,22,173
2023-08-30,Tomato,30,132
2023-08-30,Potato,25,212
2023-08-30,Onion,29,181
2023-08-30,Cabbage,26,131
2023-08-30,Carrot,23,135
2023-08-31,Tomato,27,187
2023-08-31,Potato,24,156
2023-08-31,Onion,27,140
2023-08-31,Cabbage,25,134
2023-08-31,Carrot,25,146
2023-09-01,Tomato,34,132
2023-09-01,Potato,25,171
2023-09-01,Onion,27,160
2023-09-01,Cabbage,19,98
2023-09-01,Carrot,25,108
2023-09-02,Tomato,33,207
2023-09-02,Potato,28,191
2023-09-02,Onion,29,163
2023-09-02,Cabbage,14,115
2023-09-02,Carrot,26,136
2023-09-03,Tomato,27,169
2023-09-03,Potato,26,168
2023-09-03,Onion,25,199
2023-09-03,Cabbage,20,163
2023-09-03,Carrot,24,117
2023-09-04,Tomato,26,155
2023-09-04,Potato,28,246
2023-09-04,Onion,28,208
2023-09-04,Cabbage,14,122
2023-09-04,Carrot,22,120
2023-09-05,Tomato,24,141
2023-09-05,Potato,23,164
2023-09-05,Onion,24,231
2023-09-05,Cabbage,20,121
2023-09-05,Carrot,26,109
2023-09-06,Tomato,32,197
2023-09-06,Potato,31,206
2023-09-06,Onion,30,141
2023-09-06,Cabbage,16,96
2023-09-06,Carrot,20,117
2023-09-07,Tomato,26,161
2023-09-07,Potato,24,188
2023-09-07,Onion,30,214
2023-09-07,Cabbage,20,113
2023-09-07,Carrot,27,145
2023-09-08,Tomato,26,187
2023-09-08,Potato,28,251
2023-09-08,Onion,31,171
2023-09-08,Cabbage,20,125
2023-09-08,Carrot,23,135
2023-09-09,Tomato,26,192
2023-09-09,Potato,26,246
2023-09-09,Onion,32,209
2023-09-09,Cabbage,22,157
2023-09-09,Carrot,28,148
2023-09-10,Tomato,35,121
2023-09-10,Potato,30,154
2023-09-10,Onion,33,166
2023-09-10,Cabbage,18,97
2023-09-10,Carrot,21,171
2023-09-11,Tomato,25,186
2023-09-11,Potato,24,193
2023-09-11,Onion,34,197
2023-09-11,Cabbage,16,175
2023-09-11,Carrot,21,101
2023-09-12,Tomato,30,163
2023-09-12,Potato,20,251
2023-09-12,Onion,22,174
2023-09-12,Cabbage,15,176
2023-09-12,Carrot,19,107
2023-09-13,Tomato,29,163
2023-09-13,Potato,28,185
2023-09-13,Onion,26,216
2023-09-13,Cabbage,26,120
2023-09-13,Carrot,24,154
2023-09-14,Tomato,33,181
2023-09-14,Potato,27,204
2023-09-14,Onion,33,156
2023-09-14,Cabbage,25,97
2023-09-14,Carrot,19,102
2023-09-15,Tomato,36,142
2023-09-15,Potato,30,253
2023-09-15,Onion,27,144
2023-09-15,Cabbage,17,154
2023-09-15,Carrot,24,129
2023-09-16,Tomato,28,203
2023-09-16,Potato,24,171
2023-09-16,Onion,23,211
2023-09-16,Cabbage,20,121
2023-09-16,Carrot,16,115
2023-09-17,Tomato,35,157
2023-09-17,Potato,22,247
2023-09-17,Onion,34,153
2023-09-17,Cabbage,17,112
2023-09-17,Carrot,17,165
2023-09-18,Tomato,32,204
2023-09-18,Potato,20,240
2023-09-18,Onion,30,212
2023-09-18,Cabbage,14,164
2023-09-18,Carrot,18,151
2023-09-19,Tomato,30,145
2023-09-19,Potato,22,231
2023-09-19,Onion,28,145
2023-09-19,Cabbage,16,111
2023-09-19,Carrot,26,114
2023-09-20,Tomato,29,179
2023-09-20,Potato,23,255
2023-09-20,Onion,33,188
2023-09-20,Cabbage,23,127
2023-09-20,Carrot,17,144
2023-09-21,Tomato,26,149
2023-09-21,Potato,26,255
2023-09-21,Onion,27,206
2023-09-21,Cabbage,20,141
2023-09-21,Carrot,24,114
2023-09-22,Tomato,28,154
2023-09-22,Potato,20,240
2023-09-22,Onion,23,174
2023-09-22,Cabbage,15,167
2023-09-22,Carrot,19,181
2023-09-23,Tomato,33,144
2023-09-23,Potato,20,174
2023-09-23,Onion,34,193
2023-09-23,Cabbage,14,125
2023-09-23,Carrot,16,179
2023-09-24,Tomato,29,171
2023-09-24,Potato,21,248
2023-09-24,Onion,30,145
2023-09-24,Cabbage,22,102
2023-09-24,Carrot,20,107
2023-09-25,Tomato,28,217
2023-09-25,Potato,22,174
2023-09-25,Onion,25,184
2023-09-25,Cabbage,25,101
2023-09-25,Carrot,27,112
2023-09-26,Tomato,27,137
2023-09-26,Potato,31,209
2023-09-26,Onion,27,171
2023-09-26,Cabbage,26,132
2023-09-26,Carrot,17,159
2023-09-27,Tomato,30,202
2023-09-27,Potato,21,154
2023-09-27,Onion,24,173
2023-09-27,Cabbage,23,178
2023-09-27,Carrot,17,110
2023-09-28,Tomato,25,150
2023-09-28,Potato,26,228
2023-09-28,Onion,30,226
2023-09-28,Cabbage,16,98
2023-09-28,Carrot,18,120
2023-09-29,Tomato,32,147
2023-09-29,Potato,21,156
2023-09-29,Onion,33,236
2023-09-29,Cabbage,17,93
2023-09-29,Carrot,22,139
2023-09-30,Tomato,24,171
2023-09-30,Potato,31,201
2023-09-30,Onion,25,177
2023-09-30,Cabbage,20,139
2023-09-30,Carrot,20,162
2023-10-01,Tomato,36,218
2023-10-01,Potato,25,176
2023-10-01,Onion,33,225
2023-10-01,Cabbage,20,175
2023-10-01,Carrot,20,154
2023-10-02,Tomato,25,181
2023-10-02,Potato,29,170
2023-10-02,Onion,27,218
2023-10-02,Cabbage,18,99
2023-10-02,Carrot,22,157
2023-10-03,Tomato,31,158
2023-10-03,Potato,23,214
2023-10-03,Onion,34,224
2023-10-03,Cabbage,23,174
2023-10-03,Carrot,20,181
2023-10-04,Tomato,28,164
2023-10-04,Potato,22,230
2023-10-04,Onion,24,199
2023-10-04,Cabbage,24,152
2023-10-04,Carrot,20,151
2023-10-05,Tomato,30,145
2023-10-05,Potato,22,183
2023-10-05,Onion,25,221
2023-10-05,Cabbage,21,141
2023-10-05,Carrot,28,137
2023-10-06,Tomato,33,140
2023-10-06,Potato,28,162
2023-10-06,Onion,22,203
2023-10-06,Cabbage,14,98
2023-10-06,Carrot,24,100
2023-10-07,Tomato,25,179
2023-10-07,Potato,31,246
2023-10-07,Onion,31,197
2023-10-07,Cabbage,25,110
2023-10-07,Carrot,27,174
2023-10-08,Tomato,30,153
2023-10-08,Potato,26,208
2023-10-08,Onion,27,211
2023-10-08,Cabbage,14,168
2023-10-08,Carrot,16,159
2023-10-09,Tomato,30,207
2023-10-09,Potato,31,232
2023-10-09,Onion,26,171
2023-10-09,Cabbage,25,154
2023-10-09,Carrot,22,107
2023-10-10,Tomato,36,191
2023-10-10,Potato,27,236
2023-10-10,Onion,32,140
2023-10-10,Cabbage,26,140
2023-10-10,Carrot,23,123
2023-10-11,Tomato,24,124
2023-10-11,Potato,22,170
2023-10-11,Onion,29,197
2023-10-11,Cabbage,17,100
2023-10-11,Carrot,19,114
2023-10-12,Tomato,26,126
2023-10-12,Potato,21,177
2023-10-12,Onion,24,197
2023-10-12,Cabbage,18,94
2023-10-12,Carrot,21,107
2023-10-13,Tomato,33,157
2023-10-13,Potato,30,230
2023-10-13,Onion,29,164
2023-10-13,Cabbage,22,155
2023-10-13,Carrot,17,166
2023-10-14,Tomato,24,155
2023-10-14,Potato,22,227
2023-10-14,Onion,30,180
2023-10-14,Cabbage,22,151
2023-10-14,Carrot,17,109
2023-10-15,Tomato,28,155
2023-10-15,Potato,30,240
2023-10-15,Onion,29,141
2023-10-15,Cabbage,19,102
2023-10-15,Carrot,20,131
2023-10-16,Tomato,35,217
2023-10-16,Potato,29,159
2023-10-16,Onion,22,179
2023-10-16,Cabbage,15,144
2023-10-16,Carrot,24,124
2023-10-17,Tomato,31,178
2023-10-17,Potato,30,238
2023-10-17,Onion,23,161
2023-10-17,Cabbage,17,119
2023-10-17,Carrot,19,184
2023-10-18,Tomato,35,151
2023-10-18,Potato,21,195
2023-10-18,Onion,22,160
2023-10-18,Cabbage,16,121
2023-10-18,Carrot,22,138
2023-10-19,Tomato,24,131
2023-10-19,Potato,27,196
2023-10-19,Onion,23,160
2023-10-19,Cabbage,26,110
2023-10-19,Carrot,23,145
2023-10-20,Tomato,31,126
2023-10-20,Potato,25,257
2023-10-20,Onion,32,225
2023-10-20,Cabbage,19,178
2023-10-20,Carrot,21,128
2023-10-21,Tomato,36,201
2023-10-21,Potato,20,178
2023-10-21,Onion,26,218
2023-10-21,Cabbage,17,116
2023-10-21,Carrot,17,178
2023-10-22,Tomato,26,142
2023-10-22,Potato,26,193
2023-10-22,Onion,34,161
2023-10-22,Cabbage,24,126
2023-10-22,Carrot,28,155
2023-10-23,Tomato,26,182
2023-10-23,Potato,24,168
2023-10-23,Onion,28,168
2023-10-23,Cabbage,20,114
2023-10-23,Carrot,20,107
2023-10-24,Tomato,33,177
2023-10-24,Potato,26,150
2023-10-24,Onion,33,144
2023-10-24,Cabbage,16,154
2023-10-24,Carrot,19,163
2023-10-25,Tomato,33,217
2023-10-25,Potato,29,238
2023-10-25,Onion,31,160
2023-10-25,Cabbage,20,116
2023-10-25,Carrot,17,140
2023-10-26,Tomato,36,128
2023-10-26,Potato,22,185
2023-10-26,Onion,27,229
2023-10-26,Cabbage,23,143
2023-10-26,Carrot,27,180
2023-10-27,Tomato,32,153
2023-10-27,Potato,23,169
2023-10-27,Onion,32,155
2023-10-27,Cabbage,16,159
2023-10-27,Carrot,23,182
2023-10-28,Tomato,28,177
2023-10-28,Potato,22,153
2023-10-28,Onion,25,149
2023-10-28,Cabbage,21,115
2023-10-28,Carrot,20,184
2023-10-29,Tomato,29,140
2023-10-29,Potato,28,187
2023-10-29,Onion,25,199
2023-10-29,Cabbage,22,134
2023-10-29,Carrot,19,116
2023-10-30,Tomato,30,190
2023-10-30,Potato,22,242
2023-10-30,Onion,24,227
2023-10-30,Cabbage,18,169
2023-10-30,Carrot,25,154
2023-10-31,Tomato,27,123
2023-10-31,Potato,26,173
2023-10-31,Onion,23,169
2023-10-31,Cabbage,15,108
2023-10-31,Carrot,27,159
2023-11-01,Tomato,26,168
2023-11-01,Potato,21,171
2023-11-01,Onion,29,215
2023-11-01,Cabbage,23,120
2023-11-01,Carrot,19,163
2023-11-02,Tomato,26,167
2023-11-02,Potato,31,249
2023-11-02,Onion,28,194
2023-11-02,Cabbage,14,107
2023-11-02,Carrot,19,146
2023-11-03,Tomato,34,176
2023-11-03,Potato,30,194
2023-11-03,Onion,22,156
2023-11-03,Cabbage,19,93
2023-11-03,Carrot,19,146
2023-11-04,Tomato,34,134
2023-11-04,Potato,24,196
2023-11-04,Onion,33,214
2023-11-04,Cabbage,20,98
2023-11-04,Carrot,25,115
2023-11-05,Tomato,28,180
2023-11-05,Potato,28,199
2023-11-05,Onion,24,216
2023-11-05,Cabbage,24,159
2023-11-05,Carrot,16,150
2023-11-06,Tomato,28,138
2023-11-06,Potato,28,184
2023-11-06,Onion,31,208
2023-11-06,Cabbage,26,153
2023-11-06,Carrot,20,183
2023-11-07,Tomato,24,140
2023-11-07,Potato,28,213
2023-11-07,Onion,26,239
2023-11-07,Cabbage,19,179
2023-11-07,Carrot,19,138
2023-11-08,Tomato,25,154
2023-11-08,Potato,19,173
2023-11-08,Onion,30,239
2023-11-08,Cabbage,19,130
2023-11-08,Carrot,21,145
2023-11-09,Tomato,35,179
2023-11-09,Potato,27,180
2023-11-09,Onion,25,163
2023-11-09,Cabbage,22,125
2023-11-09,Carrot,20,129
2023-11-10,Tomato,31,149
2023-11-10,Potato,24,241
2023-11-10,Onion,28,174
2023-11-10,Cabbage,20,103
2023-11-10,Carrot,23,109
2023-11-11,Tomato,29,214
2023-11-11,Potato,28,238
2023-11-11,Onion,34,209
2023-11-11,Cabbage,25,162
2023-11-11,Carrot,28,155
2023-11-12,Tomato,34,203
2023-11-12,Potato,20,256
2023-11-12,Onion,30,160
2023-11-12,Cabbage,17,139
2023-11-12,Carrot,16,106
2023-11-13,Tomato,29,134
2023-11-13,Potato,20,181
2023-11-13,Onion,29,214
2023-11-13,Cabbage,17,177
2023-11-13,Carrot,22,120
2023-11-14,Tomato,33,145
2023-11-14,Potato,30,163
2023-11-14,Onion,30,176
2023-11-14,Cabbage,23,110
2023-11-14,Carrot,17,168
2023-11-15,Tomato,26,206
2023-11-15,Potato,28,186
2023-11-15,Onion,29,188
2023-11-15,Cabbage,16,178
2023-11-15,Carrot,20,111
2023-11-16,Tomato,32,180
2023-11-16,Potato,27,182
2023-11-16,Onion,23,207
2023-11-16,Cabbage,23,160
2023-11-16,Carrot,21,132
2023-11-17,Tomato,24,143
2023-11-17,Potato,31,210
2023-11-17,Onion,23,167
2023-11-17,Cabbage,23,132
2023-11-17,Carrot,24,138
2023-11-18,Tomato,29,168
2023-11-18,Potato,19,247
2023-11-18,Onion,27,209
2023-11-18,Cabbage,15,154
2023-11-18,Carrot,25,184
2023-11-19,Tomato,28,121
2023-11-19,Potato,24,206
2023-11-19,Onion,23,213
2023-11-19,Cabbage,15,105
2023-11-19,Carrot,18,138
2023-11-20,Tomato,29,195
2023-11-20,Potato,26,189
2023-11-20,Onion,27,199
2023-11-20,Cabbage,24,99
2023-11-20,Carrot,18,163
2023-11-21,Tomato,26,182
2023-11-21,Potato,19,213
2023-11-21,Onion,28,160
2023-11-21,Cabbage,17,115
2023-11-21,Carrot,19,185
2023-11-22,Tomato,31,204
2023-11-22,Potato,24,241
2023-11-22,Onion,32,179
2023-11-22,Cabbage,23,117
2023-11-22,Carrot,25,162
2023-11-23,Tomato,25,144
2023-11-23,Potato,26,152
2023-11-23,Onion,29,183
2023-11-23,Cabbage,14,131
2023-11-23,Carrot,19,105
2023-11-24,Tomato,30,171
2023-11-24,Potato,25,238
2023-11-24,Onion,32,189
2023-11-24,Cabbage,24,108
2023-11-24,Carrot,20,150
2023-11-25,Tomato,34,131
2023-11-25,Potato,28,157
2023-11-25,Onion,29,231
2023-11-25,Cabbage,22,125
2023-11-25,Carrot,20,184
2023-11-26,Tomato,31,174
2023-11-26,Potato,27,196
2023-11-26,Onion,29,221
2023-11-26,Cabbage,23,149
2023-11-26,Carrot,19,169
2023-11-27,Tomato,35,121
2023-11-27,Potato,25,229
2023-11-27,Onion,24,142
2023-11-27,Cabbage,24,129
2023-11-27,Carrot,21,132
2023-11-28,Tomato,35,120
2023-11-28,Potato,25,157
2023-11-28,Onion,26,171
2023-11-28,Cabbage,25,137
2023-11-28,Carrot,26,103
2023-11-29,Tomato,29,138
2023-11-29,Potato,27,161
2023-11-29,Onion,32,185
2023-11-29,Cabbage,20,105
2023-11-29,Carrot,16,162
2023-11-30,Tomato,36,140
2023-11-30,Potato,31,183
2023-11-30,Onion,25,167
2023-11-30,Cabbage,19,148
2023-11-30,Carrot,22,126
2023-12-01,Tomato,28,144
2023-12-01,Potato,21,246
2023-12-01,Onion,25,164
2023-12-01,Cabbage,17,123
2023-12-01,Carrot,25,104
2023-12-02,Tomato,26,180
2023-12-02,Potato,30,242
2023-12-02,Onion,30,189
2023-12-02,Cabbage,19,172
2023-12-02,Carrot,27,143
2023-12-03,Tomato,32,130
2023-12-03,Potato,20,196
2023-12-03,Onion,33,212
2023-12-03,Cabbage,18,177
2023-12-03,Carrot,17,185
2023-12-04,Tomato,26,195
2023-12-04,Potato,30,179
2023-12-04,Onion,31,160
2023-12-04,Cabbage,25,179
2023-12-04,Carrot,16,184
2023-12-05,Tomato,26,171
2023-12-05,Potato,20,190
2023-12-05,Onion,24,186
2023-12-05,Cabbage,15,147
2023-12-05,Carrot,26,156
2023-12-06,Tomato,30,167
2023-12-06,Potato,24,166
2023-12-06,Onion,26,150
2023-12-06,Cabbage,24,124
2023-12-06,Carrot,16,183
2023-12-07,Tomato,36,135
2023-12-07,Potato,20,215
2023-12-07,Onion,24,179
2023-12-07,Cabbage,21,117
2023-12-07,Carrot,22,169
2023-12-08,Tomato,32,139
2023-12-08,Potato,30,150
2023-12-08,Onion,29,226
2023-12-08,Cabbage,16,93
2023-12-08,Carrot,25,124
2023-12-09,Tomato,29,134
2023-12-09,Potato,23,248
2023-12-09,Onion,30,192
2023-12-09,Cabbage,17,103
2023-12-09,Carrot,19,175
2023-12-10,Tomato,24,158
2023-12-10,Potato,27,248
2023-12-10,Onion,33,216
2023-12-10,Cabbage,15,95
2023-12-10,Carrot,26,122
2023-12-11,Tomato,34,210
2023-12-11,Potato,20,195
2023-12-11,Onion,27,153
2023-12-11,Cabbage,17,161
2023-12-11,Carrot,18,118
2023-12-12,Tomato,34,203
2023-12-12,Potato,19,174
2023-12-12,Onion,29,227
2023-12-12,Cabbage,23,176
2023-12-12,Carrot,21,147
2023-12-13,Tomato,32,202
2023-12-13,Potato,21,152
2023-12-13,Onion,31,158
2023-12-13,Cabbage,22,117
2023-12-13,Carrot,19,144
2023-12-14,Tomato,30,197
2023-12-14,Potato,27,168
2023-12-14,Onion,25,153
2023-12-14,Cabbage,21,127
2023-12-14,Carrot,20,160
2023-12-15,Tomato,27,159
2023-12-15,Potato,19,179
2023-12-15,Onion,30,203
2023-12-15,Cabbage,14,141
2023-12-15,Carrot,24,113
2023-12-16,Tomato,34,172
2023-12-16,Potato,21,254
2023-12-16,Onion,32,217
2023-12-16,Cabbage,22,157
2023-12-16,Carrot,26,167
2023-12-17,Tomato,35,127
2023-12-17,Potato,20,254
2023-12-17,Onion,34,225
2023-12-17,Cabbage,22,144
2023-12-17,Carrot,28,161
2023-12-18,Tomato,24,167
2023-12-18,Potato,30,184
2023-12-18,Onion,32,203
2023-12-18,Cabbage,15,174
2023-12-18,Carrot,20,168
2023-12-19,Tomato,27,186
2023-12-19,Potato,30,182
2023-12-19,Onion,26,212
2023-12-19,Cabbage,26,98
2023-12-19,Carrot,19,134
2023-12-20,Tomato,24,217
2023-12-20,Potato,26,245
2023-12-20,Onion,22,147
2023-12-20,Cabbage,26,176
2023-12-20,Carrot,23,175
2023-12-21,Tomato,29,195
2023-12-21,Potato,27,168
2023-12-21,Onion,31,191
2023-12-21,Cabbage,26,111
2023-12-21,Carrot,23,120
2023-12-22,Tomato,26,157
2023-12-22,Potato,22,178
2023-12-22,Onion,24,143
2023-12-22,Cabbage,20,160
2023-12-22,Carrot,27,127
2023-12-23,Tomato,27,141
2023-12-23,Potato,30,194
2023-12-23,Onion,24,225
2023-12-23,Cabbage,25,155
2023-12-23,Carrot,23,133
2023-12-24,Tomato,34,174
2023-12-24,Potato,27,150
2023-12-24,Onion,29,226
2023-12-24,Cabbage,19,95
2023-12-24,Carrot,21,124
2023-12-25,Tomato,25,136
2023-12-25,Potato,31,161
2023-12-25,Onion,27,229
2023-12-25,Cabbage,24,97
2023-12-25,Carrot,18,164
2023-12-26,Tomato,32,212
2023-12-26,Potato,31,248
2023-12-26,Onion,29,153
2023-12-26,Cabbage,16,137
2023-12-26,Carrot,28,183
2023-12-27,Tomato,31,168
2023-12-27,Potato,31,210
2023-12-27,Onion,27,188
2023-12-27,Cabbage,14,151
2023-12-27,Carrot,23,142
2023-12-28,Tomato,27,216
2023-12-28,Potato,28,188
2023-12-28,Onion,26,188
2023-12-28,Cabbage,23,143
2023-12-28,Carrot,24,108
2023-12-29,Tomato,31,156
2023-12-29,Potato,19,190
2023-12-29,Onion,22,227
2023-12-29,Cabbage,18,140
2023-12-29,Carrot,26,138
2023-12-30,Tomato,30,160
2023-12-30,Potato,25,162
2023-12-30,Onion,32,158
2023-12-30,Cabbage,24,166
2023-12-30,Carrot,28,100
2023-12-31,Tomato,31,138
2023-12-31,Potato,30,221
2023-12-31,Onion,29,200
2023-12-31,Cabbage,18,101
2023-12-31,Carrot,28,132
